{"cameraMode":{"drawMode":0,"name":"Shaded","section":"Shading Mode"},"sceneLighting":true,"audioPlay":false,"sceneViewState":{"m_AlwaysRefresh":false,"showFog":true,"showSkybox":true,"showFlares":true,"showImageEffects":true,"showParticleSystems":true,"showVisualEffectGraphs":true,"m_FxEnabled":true},"in2DMode":false,"pivot":{"x":920.0177612304688,"y":596.3370361328125,"z":-21.298236846923829},"rotation":{"x":-0.0003095688298344612,"y":0.0050972262397408489,"z":-0.000001578012302161369,"w":-0.9999873042106628},"size":542.8922729492188,"orthographic":false}