{"cameraMode":{"drawMode":0,"name":"Shaded","section":"Shading Mode"},"sceneLighting":true,"audioPlay":false,"sceneViewState":{"m_AlwaysRefresh":false,"showFog":true,"showSkybox":true,"showFlares":true,"showImageEffects":true,"showParticleSystems":true,"showVisualEffectGraphs":true,"m_FxEnabled":true},"in2DMode":false,"pivot":{"x":1050.6932373046875,"y":662.0609741210938,"z":10.655723571777344},"rotation":{"x":-0.04529403895139694,"y":-0.002400406403467059,"z":0.00010863006173167378,"w":-0.9989720582962036},"size":537.2106323242188,"orthographic":false}