{"cameraMode":{"drawMode":0,"name":"Shaded","section":"Shading Mode"},"sceneLighting":true,"audioPlay":false,"sceneViewState":{"m_AlwaysRefresh":false,"showFog":true,"showSkybox":true,"showFlares":true,"showImageEffects":true,"showParticleSystems":true,"showVisualEffectGraphs":true,"m_FxEnabled":true},"in2DMode":false,"pivot":{"x":823.88330078125,"y":501.6482849121094,"z":-69.37681579589844},"rotation":{"x":-0.015308988280594349,"y":-0.0024026716127991678,"z":0.000036764271499123424,"w":-0.999880850315094},"size":459.4676513671875,"orthographic":false}