{"cameraMode":{"drawMode":0,"name":"Shaded","section":"Shading Mode"},"sceneLighting":true,"audioPlay":false,"sceneViewState":{"m_AlwaysRefresh":false,"showFog":true,"showSkybox":true,"showFlares":true,"showImageEffects":true,"showParticleSystems":true,"showVisualEffectGraphs":true,"m_FxEnabled":true},"in2DMode":false,"pivot":{"x":904.5350341796875,"y":515.3241577148438,"z":37.729679107666019},"rotation":{"x":-0.02130795456469059,"y":-0.0024023789446800949,"z":0.000051140072173438966,"w":-0.9997717142105103},"size":609.6561889648438,"orthographic":false}